{
    "Antigua and Barbuda": "North America",
    "Bahamas": "North America",
    "Barbados": "North America",
    "Belize": "North America",
    "Canada": "North America",
    "Costa Rica": "North America",
    "Cuba": "North America",
    "Dominica": "North America",
    "Dominican Republic": "North America",
    "El Salvador": "North America",
    "Grenada": "North America",
    "Guatemala": "North America",
    "Haiti": "North America",
    "Honduras": "North America",
    "Jamaica": "North America",
    "Mexico": "North America",
    "Nicaragua": "North America",
    "Panama": "North America",
    "Saint Kitts and Nevis": "North America",
    "Saint Lucia": "North America",
    "Saint Vincent and the Grenadines": "North America",
    "Trinidad and Tobago": "North America",
    "United States": "North America",
    "Argentina": "South America",
    "Bolivia": "South America",
    "Brazil": "South America",
    "Chile": "South America",
    "Colombia": "South America",
    "Ecuador": "South America",
    "Guyana": "South America",
    "Paraguay": "South America",
    "Peru": "South America",
    "Suriname": "South America",
    "Uruguay": "South America",
    "Venezuela": "South America",
    "Denmark": "Northern Europe",
    "Finland": "Northern Europe",
    "Iceland": "Northern Europe",
    "Norway": "Northern Europe",
    "Sweden": "Northern Europe",
    "Andorra": "Southern Europe",
    "Greece": "Southern Europe",
    "Italy": "Southern Europe",
    "Malta": "Southern Europe",
    "Portugal": "Southern Europe",
    "San Marino": "Southern Europe",
    "Spain": "Southern Europe",
    "Vatican City": "Southern Europe",
    "Austria": "Western Europe",
    "Belgium": "Western Europe",
    "France": "Western Europe",
    "Germany": "Western Europe",
    "Ireland": "Western Europe",
    "Liechtenstein": "Western Europe",
    "Luxembourg": "Western Europe",
    "Monaco": "Western Europe",
    "Netherlands": "Western Europe",
    "Switzerland": "Western Europe",
    "United Kingdom": "Western Europe",
    "Albania": "Eastern Europe",
    "Armenia": "Eastern Europe",
    "Azerbaijan": "Eastern Europe",
    "Belarus": "Eastern Europe",
    "Bosnia and Herzegovina": "Eastern Europe",
    "Bulgaria": "Eastern Europe",
    "Croatia": "Eastern Europe",
    "Czechia": "Eastern Europe",
    "Estonia": "Eastern Europe",
    "Georgia": "Eastern Europe",
    "Hungary": "Eastern Europe",
    "Kosovo": "Eastern Europe",
    "Latvia": "Eastern Europe",
    "Lithuania": "Eastern Europe",
    "Moldova": "Eastern Europe",
    "Montenegro": "Eastern Europe",
    "North Macedonia": "Eastern Europe",
    "Poland": "Eastern Europe",
    "Romania": "Eastern Europe",
    "Russia": "Eastern Europe",
    "Serbia": "Eastern Europe",
    "Slovakia": "Eastern Europe",
    "Slovenia": "Eastern Europe",
    "Ukraine": "Eastern Europe",
    "Australia": "Asia Pacific (excl. China & Indonesia)",
    "Bangladesh": "Asia Pacific (excl. China & Indonesia)",
    "Bhutan": "Asia Pacific (excl. China & Indonesia)",
    "Brunei": "Asia Pacific (excl. China & Indonesia)",
    "Cambodia": "Asia Pacific (excl. China & Indonesia)",
    "East Timor": "Asia Pacific (excl. China & Indonesia)",
    "Fiji": "Asia Pacific (excl. China & Indonesia)",
    "India": "Asia Pacific (excl. China & Indonesia)",
    "Japan": "Asia Pacific (excl. China & Indonesia)",
    "Kiribati": "Asia Pacific (excl. China & Indonesia)",
    "Laos": "Asia Pacific (excl. China & Indonesia)",
    "Malaysia": "Asia Pacific (excl. China & Indonesia)",
    "Maldives": "Asia Pacific (excl. China & Indonesia)",
    "Marshall Islands": "Asia Pacific (excl. China & Indonesia)",
    "Micronesia": "Asia Pacific (excl. China & Indonesia)",
    "Mongolia": "Asia Pacific (excl. China & Indonesia)",
    "Myanmar": "Asia Pacific (excl. China & Indonesia)",
    "Nauru": "Asia Pacific (excl. China & Indonesia)",
    "Nepal": "Asia Pacific (excl. China & Indonesia)",
    "New Zealand": "Asia Pacific (excl. China & Indonesia)",
    "North Korea": "Asia Pacific (excl. China & Indonesia)",
    "Palau": "Asia Pacific (excl. China & Indonesia)",
    "Papua New Guinea": "Asia Pacific (excl. China & Indonesia)",
    "Philippines": "Asia Pacific (excl. China & Indonesia)",
    "Samoa": "Asia Pacific (excl. China & Indonesia)",
    "Singapore": "Asia Pacific (excl. China & Indonesia)",
    "Solomon Islands": "Asia Pacific (excl. China & Indonesia)",
    "South Korea": "Asia Pacific (excl. China & Indonesia)",
    "Sri Lanka": "Asia Pacific (excl. China & Indonesia)",
    "Taiwan": "Asia Pacific (excl. China & Indonesia)",
    "Tajikistan": "Asia Pacific (excl. China & Indonesia)",
    "Thailand": "Asia Pacific (excl. China & Indonesia)",
    "Tonga": "Asia Pacific (excl. China & Indonesia)",
    "Tuvalu": "Asia Pacific (excl. China & Indonesia)",
    "Vanuatu": "Asia Pacific (excl. China & Indonesia)",
    "Vietnam": "Asia Pacific (excl. China & Indonesia)",
    "Afghanistan": "Rest of Asia",
    "Bahrain": "Rest of Asia",
    "Cyprus": "Rest of Asia",
    "Iran": "Rest of Asia",
    "Iraq": "Rest of Asia",
    "Israel": "Rest of Asia",
    "Jordan": "Rest of Asia",
    "Kazakhstan": "Rest of Asia",
    "Kuwait": "Rest of Asia",
    "Lebanon": "Rest of Asia",
    "Oman": "Rest of Asia",
    "Pakistan": "Rest of Asia",
    "Palestine": "Rest of Asia",
    "Qatar": "Rest of Asia",
    "Saudi Arabia": "Rest of Asia",
    "Syria": "Rest of Asia",
    "Turkey": "Rest of Asia",
    "Turkmenistan": "Rest of Asia",
    "United Arab Emirates": "Rest of Asia",
    "Uzbekistan": "Rest of Asia",
    "Yemen": "Rest of Asia",
    "Algeria": "Africa",
    "Angola": "Africa",
    "Benin": "Africa",
    "Botswana": "Africa",
    "Burkina Faso": "Africa",
    "Burundi": "Africa",
    "Cabo Verde": "Africa",
    "Cameroon": "Africa",
    "Central African Republic": "Africa",
    "Chad": "Africa",
    "Comoros": "Africa",
    "Democratic Republic of the Congo": "Africa",
    "Djibouti": "Africa",
    "Egypt": "Africa",
    "Equatorial Guinea": "Africa",
    "Eritrea": "Africa",
    "Eswatini": "Africa",
    "Ethiopia": "Africa",
    "Gabon": "Africa",
    "Gambia": "Africa",
    "Ghana": "Africa",
    "Guinea": "Africa",
    "Guinea-Bissau": "Africa",
    "Ivory Coast": "Africa",
    "Kenya": "Africa",
    "Lesotho": "Africa",
    "Liberia": "Africa",
    "Libya": "Africa",
    "Madagascar": "Africa",
    "Malawi": "Africa",
    "Mali": "Africa",
    "Mauritania": "Africa",
    "Mauritius": "Africa",
    "Morocco": "Africa",
    "Mozambique": "Africa",
    "Namibia": "Africa",
    "Niger": "Africa",
    "Nigeria": "Africa",
    "Republic of the Congo": "Africa",
    "Rwanda": "Africa",
    "São Tomé and Príncipe": "Africa",
    "Senegal": "Africa",
    "Seychelles": "Africa",
    "Sierra Leone": "Africa",
    "Somalia": "Africa",
    "South Africa": "Africa",
    "South Sudan": "Africa",
    "Sudan": "Africa",
    "Tanzania": "Africa",
    "Togo": "Africa",
    "Tunisia": "Africa",
    "Uganda": "Africa",
    "Zambia": "Africa",
    "Zimbabwe": "Africa",
    "Indonesia": "Indonesia",
    "China": "China"
}